{"1": {"r": {"all_avg": 0.11442965325527613, "all": 0.11442965325527635, "c1": 0.13476318151043548, "c17": 0.11729017367094001, "c2": 0.06927472446044655, "c4": 0.15974378238697745, "c6": 0.13699479156675454}, "rho": {"all_avg": 0.1482425560501691, "all": 0.1482425560501691, "c1": 0.18348777289971954, "c17": 0.11886779293537172, "c2": 0.08155424968200696, "c4": 0.16505202573735556, "c6": 0.1555361031940005}}, "2": {"r": {"all_avg": 0.4953349819139564, "all": 0.4953349819139564, "c1": 0.46472451988370145, "c17": 0.46338859170680813, "c2": 0.412272048162032, "c4": 0.37967048214701943, "c6": 0.5108048188367119}, "rho": {"all_avg": 0.48745199600768546, "all": 0.48745199600768546, "c1": 0.4645387049576827, "c17": 0.4494328096544257, "c2": 0.3599612755332408, "c4": 0.34398215842524016, "c6": 0.4998863741528051}}, "3": {"r": {"all_avg": 0.7031752810069873, "all": 0.7031752810069873, "c1": 0.6565621564146784, "c17": 0.6313617327447056, "c2": 0.6535803711529782, "c4": 0.5476689293546881, "c6": 0.6879743338776897}, "rho": {"all_avg": 0.6691841235772251, "all": 0.6691841235772251, "c1": 0.6270038447605787, "c17": 0.6000624738169263, "c2": 0.5157586994129205, "c4": 0.47899814388487116, "c6": 0.6677875707325516}}}