{"1": {"r": 0.3126773229933217, "rho": 0.29473924927240175}, "2": {"r": 0.33925242431389446, "rho": 0.33786250947075824}, "3": {"r": 0.38997229455040205, "rho": 0.3854029314363343}}