{"1": {"r": {"all_avg": 0.5593962986198884, "all": 0.5593962986198882, "c1": 0.6524959999486317, "c13": 0.3959237874341286, "c17": 0.4321309194869369, "c2": 0.5586274138263403, "c4": 0.36505544330149015, "c6": 0.4758887366325226}, "rho": {"all_avg": 0.5557602749433186, "all": 0.5557602749433186, "c1": 0.6531197554204747, "c13": 0.3903844040174068, "c17": 0.44653398279993395, "c2": 0.552636864380533, "c4": 0.3700839857176073, "c6": 0.4737725587349517}}, "2": {"r": {"all_avg": 0.6044703791782318, "all": 0.6044703791782318, "c1": 0.6786295944828162, "c13": 0.43502156865486463, "c17": 0.4931119256580321, "c2": 0.5813247798931447, "c4": 0.446975448314794, "c6": 0.5328776041815619}, "rho": {"all_avg": 0.6109837024036088, "all": 0.6109837024036088, "c1": 0.6825781043686914, "c13": 0.4457292552938571, "c17": 0.5190721968417539, "c2": 0.5835865888842484, "c4": 0.45961891881979144, "c6": 0.5400535980698467}}, "3": {"r": {"all_avg": 0.6416537641915875, "all": 0.6416537641915875, "c1": 0.6900556250598266, "c13": 0.4839546280768587, "c17": 0.5496222582378615, "c2": 0.6162098301318668, "c4": 0.47837469610292593, "c6": 0.578288065175609}, "rho": {"all_avg": 0.6455738765383977, "all": 0.6455738765383977, "c1": 0.6952881704277308, "c13": 0.488915739728098, "c17": 0.5664908821724531, "c2": 0.6157078641537876, "c4": 0.4859519849193865, "c6": 0.586133258914297}}}